Age,Attrition,Department,Gender,JobRole,MonthlyIncome,YearsAtCompany
41,Yes,Sales,Female,Sales Executive,5993,6
49,No,Research & Development,Male,Research Scientist,5130,10
37,Yes,Research & Development,Male,Laboratory Technician,2090,0
33,No,Research & Development,Female,Research Scientist,2909,8
27,No,Research & Development,Male,Laboratory Technician,3468,2
32,No,Research & Development,Male,Laboratory Technician,3068,7
59,No,Research & Development,Female,Laboratory Technician,2670,1
30,No,Research & Development,Male,Laboratory Technician,2693,1
38,No,Research & Development,Male,Manufacturing Director,9526,9
36,No,Research & Development,Male,Healthcare Representative,5237,7
35,No,Research & Development,Male,Laboratory Technician,2426,5
29,No,Research & Development,Female,Laboratory Technician,4193,9
31,No,Research & Development,Male,Research Scientist,2911,5
34,No,Research & Development,Male,Laboratory Technician,2661,2
28,Yes,Research & Development,Male,Laboratory Technician,2028,4
29,No,Research & Development,Female,Manufacturing Director,9980,10
32,No,Research & Development,Male,Research Scientist,3298,6
22,No,Research & Development,Male,Laboratory Technician,2935,1
53,No,Sales,Female,Manager,15427,25
38,No,Research & Development,Male,Research Scientist,3944,3
24,No,Research & Development,Female,Manufacturing Director,4011,4
36,Yes,Sales,Male,Sales Representative,3407,5
34,No,Research & Development,Female,Research Director,11994,12
21,No,Research & Development,Male,Research Scientist,1232,0
34,Yes,Research & Development,Male,Research Scientist,2960,4
53,No,Research & Development,Female,Manager,19094,14
32,Yes,Research & Development,Female,Research Scientist,3919,10
42,No,Sales,Male,Sales Executive,6825,9
44,No,Research & Development,Female,Healthcare Representative,10248,22
46,No,Sales,Female,Manager,18947,2
33,No,Research & Development,Male,Laboratory Technician,2496,1
44,No,Research & Development,Male,Healthcare Representative,6465,4
30,No,Research & Development,Male,Laboratory Technician,2206,10
39,Yes,Sales,Male,Sales Representative,2086,1
24,Yes,Research & Development,Male,Research Scientist,2293,2
43,No,Research & Development,Female,Research Scientist,2645,5
50,Yes,Sales,Male,Sales Representative,2683,3
35,No,Sales,Female,Sales Representative,2014,2
36,No,Research & Development,Female,Research Scientist,3419,1
33,No,Sales,Female,Sales Executive,5376,5
35,No,Research & Development,Male,Laboratory Technician,1951,1
27,No,Research & Development,Female,Laboratory Technician,2341,1
26,Yes,Research & Development,Male,Laboratory Technician,2293,1
27,No,Sales,Male,Sales Executive,8726,9
30,No,Research & Development,Female,Laboratory Technician,4011,12
41,Yes,Research & Development,Female,Research Director,19545,22
34,No,Sales,Male,Sales Executive,4568,9
37,No,Research & Development,Male,Research Scientist,3022,1
46,No,Sales,Male,Sales Executive,5772,9
35,No,Research & Development,Male,Laboratory Technician,2269,1
48,Yes,Research & Development,Male,Laboratory Technician,5381,1
28,Yes,Research & Development,Male,Laboratory Technician,3441,2
44,No,Sales,Female,Sales Executive,5454,4
35,No,Research & Development,Male,Healthcare Representative,9884,4
26,No,Sales,Female,Sales Executive,4157,2
33,No,Research & Development,Female,Research Director,13458,15
35,No,Sales,Male,Sales Executive,9069,9
35,No,Research & Development,Female,Laboratory Technician,4014,2
31,No,Research & Development,Male,Laboratory Technician,5915,7
37,No,Research & Development,Male,Manufacturing Director,5993,7
32,No,Research & Development,Male,Manufacturing Director,6162,9
38,No,Research & Development,Female,Laboratory Technician,2406,10
50,No,Research & Development,Female,Research Director,18740,27
59,No,Sales,Female,Sales Executive,7637,21
36,No,Research & Development,Female,Healthcare Representative,10096,17
55,No,Research & Development,Female,Manager,14756,5
36,No,Research & Development,Male,Manufacturing Director,6499,6
45,No,Research & Development,Male,Research Scientist,9724,1
35,No,Research & Development,Male,Research Scientist,2194,3
36,Yes,Research & Development,Male,Research Scientist,3388,1
59,No,Sales,Female,Sales Executive,5473,4
29,No,Research & Development,Male,Research Scientist,2703,5
31,No,Research & Development,Male,Research Scientist,2501,1
32,No,Research & Development,Male,Research Scientist,6220,10
36,No,Research & Development,Female,Laboratory Technician,3038,1
31,No,Research & Development,Female,Manufacturing Director,4424,11
35,No,Sales,Male,Sales Executive,4312,15
45,No,Research & Development,Male,Research Director,13245,0
37,No,Research & Development,Male,Research Director,13664,5
46,No,Human Resources,Male,Human Resources,5021,4
30,No,Research & Development,Male,Laboratory Technician,5126,10
35,No,Research & Development,Male,Research Scientist,2859,6
55,No,Sales,Male,Sales Executive,10239,1
38,No,Research & Development,Female,Research Scientist,5329,13
34,No,Research & Development,Male,Manufacturing Director,4325,5
56,No,Research & Development,Male,Manufacturing Director,7260,6
23,No,Sales,Male,Sales Representative,2322,0
51,No,Research & Development,Male,Laboratory Technician,2075,4
30,No,Research & Development,Male,Healthcare Representative,4152,11
46,Yes,Sales,Male,Sales Executive,9619,9
40,No,Research & Development,Male,Healthcare Representative,13503,22
51,No,Sales,Male,Sales Executive,5441,10
30,No,Sales,Female,Sales Executive,5209,11
46,No,Research & Development,Male,Healthcare Representative,10673,10
32,No,Sales,Male,Sales Executive,5010,11
54,No,Research & Development,Female,Research Director,13549,4
24,No,Sales,Female,Sales Executive,4999,3
28,No,Sales,Male,Sales Executive,4221,5
58,No,Sales,Male,Sales Executive,13872,37
44,No,Research & Development,Male,Laboratory Technician,2042,3
37,Yes,Human Resources,Male,Human Resources,2073,3
32,No,Research & Development,Male,Research Scientist,2956,1
20,Yes,Research & Development,Female,Laboratory Technician,2926,1
34,No,Research & Development,Female,Research Scientist,4809,16
37,No,Research & Development,Male,Healthcare Representative,5163,1
59,No,Human Resources,Female,Manager,18844,3
50,No,Research & Development,Female,Research Director,18172,8
25,Yes,Sales,Male,Sales Executive,5744,6
25,No,Research & Development,Male,Research Scientist,2889,2
22,No,Research & Development,Female,Laboratory Technician,2871,0
51,No,Research & Development,Female,Healthcare Representative,7484,13
34,Yes,Research & Development,Male,Laboratory Technician,6074,9
54,No,Human Resources,Female,Manager,17328,5
24,No,Research & Development,Male,Laboratory Technician,2774,5
34,No,Research & Development,Female,Research Scientist,4505,1
37,No,Sales,Male,Sales Executive,7428,5
34,No,Research & Development,Female,Manager,11631,11
36,No,Sales,Female,Sales Executive,9738,9
36,No,Research & Development,Female,Laboratory Technician,2835,1
43,No,Sales,Male,Manager,16959,25
30,No,Research & Development,Male,Research Scientist,2613,10
33,No,Sales,Male,Sales Executive,6146,7
56,Yes,Research & Development,Female,Research Scientist,4963,5
51,No,Research & Development,Male,Research Director,19537,20
31,Yes,Sales,Male,Sales Executive,6172,7
26,No,Research & Development,Female,Research Scientist,2368,5
58,Yes,Research & Development,Female,Healthcare Representative,10312,40
19,Yes,Sales,Male,Sales Representative,1675,0
22,No,Research & Development,Male,Laboratory Technician,2523,2
49,No,Research & Development,Female,Manufacturing Director,6567,15
43,No,Research & Development,Female,Research Scientist,4739,3
50,No,Sales,Female,Sales Executive,9208,2
31,Yes,Sales,Female,Sales Executive,4559,2
41,No,Sales,Male,Sales Executive,8189,9
26,No,Human Resources,Female,Human Resources,2942,8
36,No,Research & Development,Male,Manufacturing Director,4941,3
51,Yes,Research & Development,Male,Manufacturing Director,10650,4
39,No,Sales,Female,Sales Executive,5902,15
25,No,Sales,Male,Sales Executive,8639,2
30,No,Human Resources,Male,Human Resources,6347,11
32,Yes,Research & Development,Female,Laboratory Technician,4200,5
45,No,Research & Development,Male,Research Scientist,3452,6
38,No,Research & Development,Female,Research Scientist,4317,3
30,No,Research & Development,Female,Research Scientist,2632,5
32,No,Sales,Male,Sales Executive,4668,8
30,No,Research & Development,Female,Research Scientist,3204,3
30,No,Research & Development,Male,Laboratory Technician,2720,5
41,No,Research & Development,Male,Manager,17181,7
41,No,Research & Development,Male,Laboratory Technician,2238,5
19,No,Research & Development,Female,Laboratory Technician,1483,1
40,No,Research & Development,Female,Research Scientist,5605,20
35,No,Sales,Male,Sales Executive,7295,10
53,No,Sales,Male,Sales Representative,2306,7
45,No,Research & Development,Male,Laboratory Technician,2348,17
32,No,Sales,Female,Sales Executive,8998,9
29,No,Research & Development,Male,Manufacturing Director,4319,10
51,No,Research & Development,Male,Manufacturing Director,6132,1
58,No,Research & Development,Female,Research Scientist,3346,1
40,No,Sales,Male,Sales Executive,10855,12
34,No,Sales,Female,Sales Representative,2231,4
22,No,Research & Development,Male,Research Scientist,2323,2
27,No,Research & Development,Male,Research Scientist,2024,2
28,No,Research & Development,Male,Research Scientist,2713,5
57,No,Research & Development,Male,Healthcare Representative,9439,5
27,No,Research & Development,Male,Research Scientist,2566,1
50,No,Research & Development,Female,Manager,19926,5
41,No,Research & Development,Male,Research Scientist,2451,9
30,No,Sales,Female,Sales Executive,9419,10
38,No,Sales,Female,Sales Executive,8686,8
32,No,Research & Development,Male,Research Scientist,3038,5
27,No,Research & Development,Male,Research Scientist,3058,5
19,Yes,Sales,Female,Sales Representative,2325,0
36,No,Research & Development,Male,Laboratory Technician,2088,8
30,No,Research & Development,Male,Laboratory Technician,3072,12
45,No,Sales,Female,Sales Executive,5006,5
56,No,Research & Development,Female,Research Scientist,4257,2
33,No,Research & Development,Male,Research Scientist,2500,3
19,Yes,Research & Development,Male,Laboratory Technician,1102,1
46,No,Sales,Female,Sales Executive,10453,24
38,No,Research & Development,Female,Laboratory Technician,2288,2
31,No,Research & Development,Female,Research Scientist,3929,4
34,No,Research & Development,Female,Research Scientist,2311,3
41,Yes,Sales,Female,Sales Representative,3140,4
50,No,Research & Development,Male,Laboratory Technician,3690,3
53,No,Research & Development,Female,Manufacturing Director,4450,4
33,No,Research & Development,Female,Research Scientist,2756,8
40,No,Research & Development,Female,Manager,19033,20
55,No,Research & Development,Male,Research Director,18722,24
34,No,Research & Development,Male,Manufacturing Director,9547,10
51,No,Research & Development,Female,Healthcare Representative,13734,7
52,No,Research & Development,Male,Manager,19999,33
27,No,Research & Development,Female,Research Scientist,2279,7
35,Yes,Research & Development,Male,Manufacturing Director,5916,1
43,No,Research & Development,Male,Research Scientist,2089,5
45,No,Research & Development,Male,Manager,16792,20
37,No,Research & Development,Male,Research Scientist,3564,8
35,No,Research & Development,Female,Laboratory Technician,4425,6
42,No,Research & Development,Female,Manufacturing Director,5265,5
38,No,Research & Development,Male,Manufacturing Director,6553,1
38,No,Research & Development,Male,Manufacturing Director,6261,7
27,No,Research & Development,Male,Manufacturing Director,4298,2
49,No,Research & Development,Male,Manufacturing Director,6804,7
34,No,Research & Development,Male,Research Scientist,3815,5
40,No,Research & Development,Male,Laboratory Technician,2741,7
38,Yes,Research & Development,Male,Healthcare Representative,6673,1
29,Yes,Sales,Female,Sales Executive,7639,10
22,No,Research & Development,Male,Research Scientist,2328,4
36,No,Research & Development,Female,Laboratory Technician,2153,8
40,No,Research & Development,Male,Healthcare Representative,4876,3
46,No,Research & Development,Male,Healthcare Representative,9396,4
32,Yes,Sales,Male,Sales Executive,10400,14
30,No,Research & Development,Male,Manufacturing Director,8474,11
27,No,Sales,Female,Sales Executive,9981,7
51,No,Research & Development,Male,Research Director,12490,10
30,Yes,Research & Development,Female,Research Scientist,2657,5
41,No,Sales,Female,Manager,13591,1
30,Yes,Sales,Female,Sales Executive,6696,6
29,Yes,Research & Development,Male,Research Scientist,2058,6
45,No,Sales,Female,Sales Executive,8865,19
54,No,Sales,Female,Sales Executive,5940,6
36,No,Research & Development,Male,Laboratory Technician,5914,13
33,No,Research & Development,Female,Research Scientist,2622,3
37,No,Research & Development,Male,Research Director,12185,10
38,No,Sales,Male,Sales Executive,10609,16
31,No,Research & Development,Male,Manufacturing Director,4345,5
59,No,Research & Development,Male,Research Scientist,2177,1
37,No,Sales,Male,Sales Representative,2793,9
29,No,Sales,Female,Sales Executive,7918,11
35,No,Sales,Female,Sales Executive,8789,10
29,Yes,Research & Development,Male,Research Scientist,2389,4
52,No,Research & Development,Female,Laboratory Technician,3212,2
42,No,Research & Development,Male,Manager,19232,22
59,No,Human Resources,Male,Human Resources,2267,2
50,No,Sales,Female,Manager,19517,7
33,Yes,Research & Development,Male,Laboratory Technician,2436,5
43,No,Sales,Female,Manager,16064,17
33,Yes,Research & Development,Female,Laboratory Technician,2707,9
52,No,Sales,Male,Manager,19068,33
32,No,Sales,Female,Sales Representative,3931,4
32,Yes,Research & Development,Male,Laboratory Technician,3730,3
39,No,Research & Development,Female,Laboratory Technician,2232,3
32,No,Sales,Male,Sales Executive,4465,3
41,No,Research & Development,Male,Research Scientist,3072,1
40,No,Research & Development,Male,Research Scientist,3319,9
45,No,Research & Development,Male,Manager,19202,24
31,No,Research & Development,Male,Research Director,13675,2
33,No,Research & Development,Female,Research Scientist,2911,2
34,No,Research & Development,Male,Manufacturing Director,5957,11
37,No,Research & Development,Female,Research Scientist,3920,3
45,No,Research & Development,Male,Manufacturing Director,6434,3
37,Yes,Research & Development,Male,Manufacturing Director,10048,1
39,No,Research & Development,Female,Healthcare Representative,10938,19
29,No,Research & Development,Male,Research Scientist,2340,6
42,No,Research & Development,Female,Research Scientist,6545,3
29,No,Sales,Male,Sales Executive,6931,3
25,No,Research & Development,Female,Manufacturing Director,4898,4
42,No,Research & Development,Female,Laboratory Technician,2593,9
40,No,Research & Development,Male,Research Director,19436,21
51,No,Research & Development,Male,Research Scientist,2723,1
31,Yes,Research & Development,Male,Laboratory Technician,3479,5
32,No,Research & Development,Male,Laboratory Technician,2794,5
38,No,Sales,Male,Sales Executive,5249,8
32,No,Research & Development,Male,Laboratory Technician,2176,6
46,No,Sales,Female,Manager,16872,7
28,Yes,Research & Development,Male,Laboratory Technician,3485,0
29,No,Sales,Male,Sales Executive,6644,0
31,No,Research & Development,Male,Healthcare Representative,5582,9
25,No,Research & Development,Male,Healthcare Representative,4000,6
45,No,Research & Development,Male,Healthcare Representative,13496,20
36,No,Research & Development,Male,Laboratory Technician,3210,15
55,No,Research & Development,Male,Manager,19045,36
47,Yes,Research & Development,Male,Manager,11849,10
28,No,Research & Development,Male,Research Scientist,2070,5
37,No,Sales,Male,Sales Executive,6502,5
21,No,Research & Development,Male,Research Scientist,3230,3
37,No,Research & Development,Female,Research Director,13603,5
35,No,Research & Development,Female,Manager,11996,7
38,No,Sales,Female,Sales Executive,5605,8
26,No,Research & Development,Female,Manufacturing Director,6397,6
50,No,Research & Development,Male,Research Director,19144,10
53,No,Research & Development,Male,Research Director,17584,5
42,No,Sales,Male,Sales Executive,4907,20
29,No,Sales,Male,Sales Executive,4554,10
55,No,Research & Development,Male,Laboratory Technician,5415,10
26,No,Research & Development,Male,Healthcare Representative,4741,5
37,No,Research & Development,Female,Research Scientist,2115,17
44,Yes,Research & Development,Male,Laboratory Technician,3161,1
38,No,Research & Development,Male,Healthcare Representative,5745,2
26,Yes,Research & Development,Male,Laboratory Technician,2373,3
28,No,Research & Development,Female,Research Scientist,3310,5
49,No,Research & Development,Female,Research Director,18665,3
36,No,Research & Development,Male,Research Scientist,4485,8
31,No,Sales,Female,Sales Representative,2789,2
26,Yes,Sales,Male,Sales Executive,5828,8
37,No,Research & Development,Male,Research Scientist,2326,4
42,No,Sales,Female,Sales Executive,13525,20
18,Yes,Research & Development,Male,Laboratory Technician,1420,0
35,No,Sales,Male,Sales Executive,8020,11
36,No,Research & Development,Male,Laboratory Technician,3688,1
51,No,Research & Development,Male,Manufacturing Director,5482,4
41,No,Sales,Male,Manager,16015,22
18,No,Sales,Female,Sales Representative,1200,0
28,No,Research & Development,Male,Healthcare Representative,5661,8
31,No,Sales,Male,Sales Executive,6929,8
39,No,Research & Development,Male,Healthcare Representative,9613,18
36,No,Research & Development,Female,Laboratory Technician,5674,9
32,No,Sales,Male,Sales Executive,5484,13
38,No,Research & Development,Female,Research Director,12061,10
58,No,Research & Development,Male,Healthcare Representative,5660,5
31,No,Research & Development,Male,Research Scientist,4821,5
31,No,Human Resources,Male,Human Resources,6410,2
45,No,Research & Development,Male,Laboratory Technician,5210,24
31,No,Research & Development,Male,Research Scientist,2695,2
33,No,Research & Development,Female,Manager,11878,10
39,No,Research & Development,Male,Manager,17068,21
43,No,Research & Development,Female,Laboratory Technician,2455,8
49,No,Research & Development,Female,Healthcare Representative,13964,7
52,Yes,Research & Development,Male,Research Scientist,4941,8
27,No,Research & Development,Female,Research Scientist,2478,4
32,No,Sales,Female,Sales Executive,5228,13
27,No,Sales,Male,Sales Executive,4478,5
31,No,Sales,Male,Sales Executive,7547,7
32,No,Research & Development,Female,Research Scientist,5055,7
28,Yes,Research & Development,Male,Research Scientist,3464,3
30,No,Research & Development,Female,Research Scientist,5775,10
31,No,Research & Development,Female,Manufacturing Director,8943,10
39,No,Research & Development,Male,Manager,19272,21
39,Yes,Sales,Female,Sales Executive,5238,1
33,No,Sales,Male,Sales Executive,4682,7
47,No,Research & Development,Male,Research Director,18300,3
43,No,Research & Development,Female,Laboratory Technician,5257,9
27,No,Sales,Male,Sales Executive,6349,5
54,No,Research & Development,Female,Research Scientist,4869,4
43,No,Research & Development,Female,Healthcare Representative,9985,1
45,No,Research & Development,Male,Research Scientist,3697,10
40,No,Sales,Male,Sales Executive,7457,4
29,Yes,Research & Development,Male,Laboratory Technician,2119,7
29,No,Research & Development,Male,Laboratory Technician,3983,3
30,No,Sales,Female,Sales Executive,6118,10
27,No,Sales,Female,Sales Executive,6214,8
37,No,Research & Development,Male,Manufacturing Director,6347,6
38,No,Research & Development,Male,Research Director,11510,11
31,No,Research & Development,Female,Manufacturing Director,7143,11
29,No,Sales,Female,Sales Executive,8268,7
35,No,Research & Development,Male,Manufacturing Director,8095,16
23,No,Research & Development,Male,Research Scientist,2904,4
41,No,Research & Development,Male,Manufacturing Director,6032,5
47,No,Sales,Male,Sales Representative,2976,0
42,No,Research & Development,Female,Research Director,15992,1
29,No,Sales,Male,Sales Executive,4649,4
42,No,Human Resources,Male,Human Resources,2696,3
32,No,Research & Development,Female,Laboratory Technician,2370,8
48,No,Sales,Female,Manager,12504,0
37,No,Research & Development,Male,Research Scientist,5974,7
30,No,Sales,Female,Sales Executive,4736,2
26,No,Sales,Male,Sales Executive,5296,8
42,No,Research & Development,Male,Healthcare Representative,6781,1
21,Yes,Sales,Female,Sales Representative,2174,3
36,No,Sales,Female,Sales Executive,6653,1
36,No,Sales,Male,Sales Executive,9699,13
57,No,Research & Development,Male,Healthcare Representative,6755,3
40,No,Research & Development,Female,Laboratory Technician,2213,7
21,No,Sales,Male,Sales Representative,2610,3
33,Yes,Sales,Female,Sales Representative,2851,1
37,No,Research & Development,Female,Laboratory Technician,3452,5
46,No,Research & Development,Female,Manufacturing Director,5258,1
41,Yes,Sales,Male,Sales Executive,9355,8
50,No,Research & Development,Male,Healthcare Representative,10496,4
40,Yes,Sales,Male,Sales Executive,6380,6
31,No,Research & Development,Male,Research Scientist,2657,2
21,Yes,Sales,Female,Sales Representative,2716,1
29,No,Research & Development,Male,Research Scientist,2201,3
35,No,Research & Development,Male,Healthcare Representative,6540,1
27,No,Research & Development,Male,Laboratory Technician,3816,5
28,No,Sales,Male,Sales Executive,5253,7
49,No,Research & Development,Male,Healthcare Representative,10965,5
51,No,Sales,Female,Sales Executive,4936,7
36,No,Research & Development,Female,Research Scientist,2543,2
34,Yes,Sales,Male,Sales Executive,5304,5
55,No,Research & Development,Female,Manager,16659,5
24,No,Sales,Female,Sales Executive,4260,5
30,No,Sales,Male,Sales Representative,2476,1
26,Yes,Research & Development,Male,Research Scientist,3102,6
22,No,Research & Development,Female,Research Scientist,2244,2
36,No,Sales,Male,Sales Executive,7596,10
30,Yes,Research & Development,Male,Research Scientist,2285,1
37,No,Research & Development,Female,Laboratory Technician,3034,18
40,No,Sales,Female,Sales Executive,5715,5
42,No,Research & Development,Female,Laboratory Technician,2576,5
37,No,Research & Development,Male,Manufacturing Director,4197,1
43,No,Research & Development,Male,Research Director,14336,25
40,No,Research & Development,Female,Laboratory Technician,3448,1
54,No,Research & Development,Male,Research Director,19406,4
34,No,Sales,Female,Sales Executive,6538,3
31,No,Research & Development,Female,Manufacturing Director,4306,13
43,No,Research & Development,Male,Laboratory Technician,2258,3
43,No,Research & Development,Female,Healthcare Representative,4522,5
25,No,Sales,Female,Sales Executive,4487,5
37,No,Research & Development,Female,Research Scientist,4449,13
31,No,Research & Development,Male,Laboratory Technician,2218,4
39,No,Research & Development,Male,Manager,19197,21
56,No,Sales,Female,Sales Executive,13212,7
30,No,Sales,Female,Sales Executive,6577,5
41,No,Sales,Male,Sales Executive,8392,10
28,No,Research & Development,Male,Laboratory Technician,4558,10
25,Yes,Research & Development,Male,Laboratory Technician,4031,2
52,No,Research & Development,Male,Manufacturing Director,7969,5
45,No,Research & Development,Male,Research Scientist,2654,2
52,No,Research & Development,Female,Manager,16555,5
42,No,Research & Development,Female,Research Scientist,4556,5
30,No,Research & Development,Female,Manufacturing Director,6091,5
60,No,Research & Development,Female,Manager,19566,29
46,No,Research & Development,Female,Manufacturing Director,4810,10
42,No,Research & Development,Female,Healthcare Representative,4523,6
24,Yes,Sales,Female,Sales Representative,3202,5
34,Yes,Sales,Female,Sales Representative,2351,2
38,No,Research & Development,Male,Laboratory Technician,1702,1
40,No,Sales,Female,Manager,18041,20
26,No,Research & Development,Female,Research Scientist,2886,3
30,No,Research & Development,Male,Laboratory Technician,2097,5
29,No,Research & Development,Male,Research Director,11935,10
29,Yes,Research & Development,Female,Research Scientist,2546,2
19,Yes,Human Resources,Male,Human Resources,2564,1
30,No,Sales,Female,Sales Executive,8412,9
57,No,Sales,Male,Manager,14118,1
50,No,Research & Development,Male,Manager,17046,27
30,No,Research & Development,Female,Laboratory Technician,2564,11
60,No,Sales,Female,Sales Executive,10266,18
47,No,Research & Development,Female,Manufacturing Director,5070,5
46,No,Research & Development,Male,Research Director,17861,3
35,No,Research & Development,Male,Laboratory Technician,4230,5
54,No,Research & Development,Female,Laboratory Technician,3780,1
34,No,Research & Development,Male,Research Scientist,2768,7
46,No,Sales,Female,Sales Executive,9071,3
31,No,Research & Development,Male,Manufacturing Director,10648,13
33,Yes,Research & Development,Male,Manager,13610,7
33,Yes,Research & Development,Male,Laboratory Technician,3408,4
30,No,Sales,Male,Sales Representative,2983,3
35,No,Research & Development,Male,Healthcare Representative,7632,8
31,Yes,Research & Development,Male,Healthcare Representative,9824,1
34,Yes,Human Resources,Female,Human Resources,9950,3
42,No,Research & Development,Male,Laboratory Technician,2093,2
36,No,Sales,Male,Sales Executive,9980,10
22,Yes,Research & Development,Male,Laboratory Technician,3894,2
48,No,Sales,Female,Sales Executive,4051,9
55,No,Sales,Female,Manager,16835,10
41,No,Sales,Male,Sales Executive,6230,14
35,No,Sales,Male,Sales Executive,4717,11
40,No,Research & Development,Female,Manufacturing Director,13237,20
39,No,Research & Development,Female,Laboratory Technician,3755,8
31,No,Sales,Male,Sales Executive,6582,6
42,No,Research & Development,Male,Manufacturing Director,7406,10
45,No,Sales,Male,Sales Executive,4805,8
26,Yes,Human Resources,Female,Human Resources,2741,7
29,No,Research & Development,Male,Manufacturing Director,4262,3
33,No,Research & Development,Female,Research Director,16184,6
31,No,Sales,Male,Manager,11557,5
18,Yes,Sales,Male,Sales Representative,1878,0
40,No,Sales,Male,Sales Executive,10932,1
41,No,Research & Development,Female,Healthcare Representative,6811,8
26,No,Sales,Male,Sales Executive,4306,0
35,No,Sales,Female,Sales Executive,4859,5
34,No,Sales,Male,Sales Executive,5337,10
26,Yes,Research & Development,Male,Laboratory Technician,2340,1
37,No,Research & Development,Female,Manufacturing Director,7491,6
46,No,Research & Development,Female,Healthcare Representative,10527,2
41,No,Sales,Female,Manager,16595,18
37,No,Sales,Male,Sales Executive,8834,9
52,No,Research & Development,Male,Research Scientist,5577,10
32,Yes,Sales,Male,Sales Executive,4707,4
24,No,Sales,Male,Sales Representative,2400,2
38,No,Research & Development,Female,Healthcare Representative,9824,1
37,No,Research & Development,Female,Manufacturing Director,6447,6
49,No,Research & Development,Male,Research Director,19502,31
24,No,Research & Development,Male,Research Scientist,2725,6
26,No,Sales,Male,Sales Executive,6272,5
24,No,Research & Development,Male,Laboratory Technician,2127,1
50,No,Human Resources,Male,Manager,18200,32
25,No,Sales,Male,Sales Representative,2096,7
24,Yes,Research & Development,Female,Laboratory Technician,2886,6
30,Yes,Sales,Male,Sales Representative,2033,1
34,No,Research & Development,Male,Research Scientist,3622,6
31,Yes,Sales,Male,Sales Executive,4233,3
35,No,Research & Development,Male,Laboratory Technician,3681,3
31,No,Sales,Male,Sales Executive,5460,7
27,No,Research & Development,Female,Research Scientist,2187,5
37,No,Sales,Male,Sales Executive,9602,3
20,No,Research & Development,Female,Research Scientist,2836,1
42,No,Research & Development,Female,Healthcare Representative,4089,10
43,No,Research & Development,Male,Research Director,16627,1
38,No,Research & Development,Female,Research Scientist,2619,0
43,No,Research & Development,Male,Laboratory Technician,5679,8
48,No,Research & Development,Female,Manager,15402,3
44,No,Human Resources,Female,Human Resources,5985,2
34,No,Sales,Female,Sales Representative,2579,8
27,Yes,Sales,Male,Sales Representative,3041,4
21,No,Sales,Male,Sales Representative,3447,3
44,No,Research & Development,Male,Manager,19513,2
22,No,Research & Development,Male,Research Scientist,2773,2
33,No,Sales,Male,Sales Executive,7104,5
32,No,Research & Development,Female,Research Scientist,6322,6
30,No,Research & Development,Female,Research Scientist,2083,1
53,No,Sales,Female,Sales Executive,8381,14
34,No,Research & Development,Male,Research Scientist,2691,10
45,Yes,Sales,Female,Sales Executive,4286,1
26,No,Research & Development,Female,Laboratory Technician,2659,3
37,No,Research & Development,Male,Manufacturing Director,9434,10
29,No,Sales,Female,Sales Executive,5561,6
35,No,Research & Development,Male,Research Scientist,6646,17
33,No,Research & Development,Male,Healthcare Representative,7725,13
54,No,Human Resources,Male,Human Resources,10725,9
36,No,Research & Development,Male,Manufacturing Director,8847,3
27,No,Research & Development,Male,Research Scientist,2045,4
20,Yes,Research & Development,Male,Research Scientist,1009,1
33,Yes,Research & Development,Male,Research Scientist,3348,10
35,No,Research & Development,Male,Laboratory Technician,1281,1
23,No,Research & Development,Male,Research Scientist,2819,3
25,No,Sales,Male,Sales Executive,4851,3
38,No,Sales,Female,Sales Executive,4028,7
29,No,Research & Development,Male,Research Scientist,2720,10
48,No,Sales,Male,Sales Executive,8120,2
27,No,Sales,Female,Sales Executive,4647,6
37,No,Research & Development,Male,Research Scientist,4680,1
50,No,Research & Development,Male,Laboratory Technician,3221,20
34,No,Research & Development,Female,Healthcare Representative,8621,8
24,Yes,Sales,Female,Sales Executive,4577,2
39,No,Research & Development,Female,Healthcare Representative,4553,20
32,No,Sales,Male,Sales Executive,5396,10
50,Yes,Sales,Male,Sales Executive,6796,4
38,No,Research & Development,Female,Healthcare Representative,7625,9
27,No,Research & Development,Female,Manufacturing Director,7412,9
32,No,Research & Development,Female,Research Director,11159,7
47,No,Sales,Male,Sales Executive,4960,7
40,No,Sales,Male,Sales Executive,10475,18
53,No,Research & Development,Male,Research Director,14814,5
41,No,Human Resources,Male,Manager,19141,21
60,No,Sales,Male,Sales Executive,5405,2
27,No,Research & Development,Male,Manufacturing Director,8793,9
41,No,Human Resources,Male,Manager,19189,22
50,No,Sales,Male,Sales Representative,3875,2
28,Yes,Research & Development,Female,Research Scientist,2216,7
36,No,Research & Development,Female,Research Director,11713,8
38,No,Research & Development,Female,Manufacturing Director,7861,1
44,No,Research & Development,Male,Laboratory Technician,3708,5
47,No,Sales,Female,Sales Executive,13770,22
30,No,Sales,Male,Sales Executive,5304,8
29,No,Sales,Male,Sales Representative,2642,1
42,Yes,Research & Development,Male,Research Scientist,2759,2
43,No,Sales,Male,Sales Executive,6804,2
34,No,Research & Development,Female,Healthcare Representative,6142,5
23,No,Research & Development,Male,Laboratory Technician,2500,4
39,No,Human Resources,Female,Human Resources,6389,8
56,No,Research & Development,Male,Healthcare Representative,11103,10
40,No,Research & Development,Female,Research Scientist,2342,4
27,No,Research & Development,Female,Healthcare Representative,6811,7
29,No,Sales,Male,Sales Representative,2297,2
53,No,Research & Development,Male,Laboratory Technician,2450,2
35,No,Research & Development,Female,Healthcare Representative,5093,1
32,No,Research & Development,Male,Laboratory Technician,5309,10
38,No,Research & Development,Male,Research Scientist,3057,1
34,No,Research & Development,Female,Manufacturing Director,5121,0
52,No,Sales,Male,Manager,16856,34
33,Yes,Research & Development,Male,Research Scientist,2686,10
25,No,Sales,Female,Sales Executive,6180,6
45,No,Sales,Male,Sales Representative,6632,8
23,No,Research & Development,Male,Research Scientist,3505,2
47,Yes,Sales,Female,Sales Executive,6397,5
34,No,Sales,Male,Sales Executive,6274,6
55,Yes,Research & Development,Male,Manager,19859,5
36,No,Sales,Male,Sales Executive,7587,10
52,No,Research & Development,Male,Research Scientist,4258,4
26,No,Research & Development,Female,Laboratory Technician,4364,2
29,No,Research & Development,Female,Healthcare Representative,4335,8
26,Yes,Sales,Male,Sales Executive,5326,4
34,No,Research & Development,Female,Research Scientist,3280,4
54,No,Research & Development,Female,Manufacturing Director,5485,5
27,No,Sales,Male,Sales Executive,4342,4
37,No,Research & Development,Female,Research Scientist,2782,5
38,No,Research & Development,Female,Manufacturing Director,5980,15
34,No,Research & Development,Female,Research Scientist,4381,6
35,No,Sales,Female,Sales Representative,2572,3
30,No,Research & Development,Male,Laboratory Technician,3833,2
40,No,Research & Development,Female,Healthcare Representative,4244,8
34,No,Sales,Female,Sales Executive,6500,3
42,No,Research & Development,Male,Manager,18430,24
23,Yes,Research & Development,Male,Laboratory Technician,1601,0
24,No,Research & Development,Male,Laboratory Technician,2694,1
52,No,Research & Development,Female,Laboratory Technician,3149,5
50,No,Research & Development,Male,Research Director,17639,4
29,Yes,Research & Development,Female,Laboratory Technician,2319,1
33,No,Research & Development,Male,Research Director,11691,13
33,Yes,Sales,Female,Sales Executive,5324,3
47,No,Research & Development,Female,Manager,16752,26
36,No,Research & Development,Female,Manufacturing Director,5228,9
29,No,Research & Development,Male,Research Scientist,2700,10
58,Yes,Research & Development,Male,Research Director,19246,31
35,No,Research & Development,Female,Research Scientist,2506,2
42,No,Research & Development,Female,Manufacturing Director,6062,4
28,Yes,Research & Development,Male,Research Scientist,4382,2
36,No,Human Resources,Male,Human Resources,2143,5
32,No,Research & Development,Female,Manufacturing Director,6162,14
40,No,Research & Development,Male,Laboratory Technician,5094,1
30,No,Research & Development,Female,Manufacturing Director,6877,0
45,No,Research & Development,Female,Research Scientist,2274,1
42,No,Research & Development,Male,Manufacturing Director,4434,9
38,No,Research & Development,Male,Healthcare Representative,6288,4
34,No,Research & Development,Female,Research Scientist,2553,5
49,Yes,Sales,Female,Sales Executive,7654,9
55,Yes,Sales,Male,Sales Executive,5160,9
43,No,Research & Development,Male,Research Director,17159,4
27,No,Research & Development,Male,Research Director,12808,9
35,No,Research & Development,Male,Manufacturing Director,10221,8
28,No,Sales,Female,Sales Executive,4779,8
34,No,Human Resources,Male,Human Resources,3737,3
26,Yes,Research & Development,Female,Research Scientist,2366,8
27,No,Research & Development,Male,Research Scientist,1706,0
51,No,Sales,Female,Manager,16307,20
44,No,Research & Development,Male,Healthcare Representative,5933,5
25,No,Research & Development,Male,Research Scientist,3424,4
33,No,Sales,Male,Sales Executive,4037,9
35,No,Research & Development,Female,Research Scientist,2559,6
36,No,Sales,Male,Sales Executive,6201,18
32,No,Sales,Male,Sales Executive,4403,5
30,No,Research & Development,Male,Research Scientist,3761,5
53,No,Sales,Female,Sales Executive,10934,5
45,No,Sales,Male,Sales Executive,10761,5
32,No,Research & Development,Female,Research Scientist,5175,5
52,No,Research & Development,Female,Manufacturing Director,13826,9
37,No,Sales,Male,Sales Executive,6334,1
28,No,Human Resources,Male,Human Resources,4936,5
22,No,Research & Development,Male,Manufacturing Director,4775,2
44,No,Research & Development,Male,Laboratory Technician,2818,3
42,No,Research & Development,Male,Research Scientist,2515,2
36,No,Human Resources,Male,Human Resources,2342,5
25,No,Sales,Male,Sales Executive,4194,5
35,No,Research & Development,Female,Manufacturing Director,10685,17
35,Yes,Research & Development,Female,Research Scientist,2022,10
32,No,Research & Development,Male,Laboratory Technician,2314,3
25,No,Sales,Male,Sales Executive,4256,5
49,No,Research & Development,Female,Research Scientist,3580,4
24,No,Research & Development,Male,Laboratory Technician,3162,5
32,No,Sales,Male,Sales Executive,6524,10
38,No,Sales,Male,Sales Representative,2899,2
42,No,Research & Development,Female,Laboratory Technician,5231,5
31,No,Research & Development,Male,Research Scientist,2356,6
29,Yes,Sales,Female,Sales Representative,2800,3
53,No,Sales,Male,Sales Executive,11836,2
35,No,Research & Development,Male,Manufacturing Director,10903,13
37,No,Sales,Female,Sales Representative,2973,5
53,No,Research & Development,Female,Research Director,14275,12
43,No,Research & Development,Female,Healthcare Representative,5562,5
47,No,Sales,Female,Sales Executive,4537,7
37,No,Sales,Male,Sales Executive,7642,10
50,No,Research & Development,Male,Manager,17924,31
39,No,Human Resources,Female,Human Resources,5204,5
33,No,Human Resources,Male,Human Resources,2277,4
32,Yes,Research & Development,Male,Laboratory Technician,2795,1
29,No,Research & Development,Female,Laboratory Technician,2532,4
44,No,Research & Development,Male,Research Scientist,2559,8
28,No,Sales,Male,Sales Executive,4908,4
58,Yes,Research & Development,Male,Laboratory Technician,2380,1
43,No,Research & Development,Female,Manufacturing Director,4765,1
20,Yes,Sales,Female,Sales Representative,2044,2
21,Yes,Research & Development,Female,Research Scientist,2693,1
36,No,Research & Development,Male,Healthcare Representative,6586,16
47,No,Sales,Female,Sales Representative,3294,3
22,Yes,Research & Development,Female,Manufacturing Director,4171,3
41,Yes,Research & Development,Female,Laboratory Technician,2778,7
28,No,Research & Development,Female,Research Scientist,2377,2
39,Yes,Research & Development,Male,Laboratory Technician,2404,2
27,No,Research & Development,Female,Research Scientist,2318,1
34,No,Research & Development,Male,Laboratory Technician,2008,1
42,No,Sales,Female,Sales Executive,6244,5
33,No,Research & Development,Male,Research Scientist,2799,3
58,No,Research & Development,Female,Healthcare Representative,10552,6
31,No,Sales,Male,Sales Representative,2329,7
35,No,Research & Development,Female,Healthcare Representative,4014,10
49,No,Research & Development,Female,Laboratory Technician,7403,26
48,No,Research & Development,Male,Research Scientist,2259,0
31,No,Sales,Female,Sales Executive,6932,9
36,No,Research & Development,Male,Research Scientist,4678,6
38,No,Research & Development,Female,Research Director,13582,15
32,No,Research & Development,Female,Laboratory Technician,2332,3
25,Yes,Sales,Male,Sales Representative,2413,1
40,No,Sales,Male,Sales Executive,9705,1
26,No,Sales,Male,Sales Executive,4294,7
41,No,Research & Development,Male,Laboratory Technician,4721,18
36,No,Research & Development,Male,Laboratory Technician,2519,11
19,Yes,Sales,Male,Sales Representative,2121,1
20,Yes,Research & Development,Male,Laboratory Technician,2973,1
31,No,Research & Development,Female,Healthcare Representative,5855,9
40,No,Research & Development,Male,Research Scientist,3617,1
32,No,Research & Development,Female,Manufacturing Director,6725,8
36,Yes,Sales,Male,Sales Executive,10325,16
33,No,Research & Development,Female,Healthcare Representative,6949,5
37,Yes,Sales,Male,Sales Executive,10609,14
45,No,Research & Development,Male,Laboratory Technician,4447,9
29,No,Sales,Female,Sales Representative,2157,3
35,No,Sales,Female,Sales Executive,4601,5
52,No,Research & Development,Male,Manager,17099,9
58,Yes,Research & Development,Male,Research Scientist,2479,1
53,No,Sales,Male,Manager,14852,17
30,No,Sales,Male,Sales Executive,7264,8
38,No,Sales,Female,Sales Executive,5666,5
35,No,Sales,Male,Sales Executive,7823,10
39,No,Sales,Male,Sales Executive,7880,8
40,Yes,Sales,Female,Sales Executive,13194,1
47,No,Research & Development,Male,Manufacturing Director,5067,19
36,No,Sales,Male,Sales Executive,5079,7
31,Yes,Research & Development,Male,Research Scientist,2321,3
33,No,Sales,Male,Manager,17444,10
29,Yes,Research & Development,Female,Research Scientist,2404,0
33,No,Research & Development,Female,Research Scientist,3452,3
45,No,Research & Development,Female,Laboratory Technician,2270,5
50,No,Research & Development,Male,Research Director,17399,5
33,No,Research & Development,Female,Healthcare Representative,5488,6
41,No,Research & Development,Male,Research Director,19419,18
27,No,Research & Development,Female,Laboratory Technician,2811,2
45,No,Research & Development,Male,Laboratory Technician,3633,9
47,No,Sales,Female,Sales Executive,4163,9
30,Yes,Research & Development,Female,Research Scientist,2132,5
50,No,Research & Development,Male,Manufacturing Director,13973,12
38,No,Research & Development,Male,Research Scientist,2684,2
46,No,Research & Development,Male,Manufacturing Director,10845,8
24,No,Research & Development,Female,Manufacturing Director,4377,4
35,Yes,Research & Development,Male,Laboratory Technician,3743,4
31,No,Research & Development,Female,Manufacturing Director,4148,4
18,No,Research & Development,Male,Research Scientist,1051,0
54,No,Research & Development,Female,Manufacturing Director,10739,10
35,No,Research & Development,Female,Healthcare Representative,10388,16
30,No,Research & Development,Female,Research Director,11416,8
20,Yes,Research & Development,Female,Research Scientist,2600,1
30,Yes,Research & Development,Female,Laboratory Technician,2422,3
26,No,Research & Development,Male,Manufacturing Director,5472,8
22,No,Research & Development,Male,Laboratory Technician,2451,4
48,No,Research & Development,Male,Healthcare Representative,4240,2
48,No,Research & Development,Male,Healthcare Representative,10999,15
41,No,Research & Development,Female,Manufacturing Director,5003,2
39,No,Research & Development,Female,Manufacturing Director,12742,21
27,No,Research & Development,Female,Manufacturing Director,4227,3
35,No,Research & Development,Male,Laboratory Technician,3917,3
42,No,Sales,Male,Manager,18303,1
50,No,Research & Development,Male,Laboratory Technician,2380,1
59,No,Research & Development,Female,Manufacturing Director,13726,5
37,Yes,Research & Development,Female,Healthcare Representative,4777,1
55,No,Research & Development,Male,Healthcare Representative,6385,8
41,No,Research & Development,Female,Research Director,19973,21
38,No,Sales,Male,Sales Executive,6861,1
26,Yes,Sales,Male,Sales Executive,4969,2
52,Yes,Sales,Female,Manager,19845,32
44,No,Sales,Female,Sales Executive,13320,12
50,No,Sales,Female,Sales Executive,6347,18
36,Yes,Research & Development,Female,Laboratory Technician,2743,17
39,No,Research & Development,Female,Manufacturing Director,10880,21
33,No,Sales,Female,Sales Representative,2342,2
45,No,Sales,Female,Manager,17650,9
32,No,Research & Development,Female,Laboratory Technician,4025,8
34,No,Sales,Male,Sales Executive,9725,15
59,No,Sales,Male,Manager,11904,6
45,No,Human Resources,Male,Human Resources,2177,6
53,No,Sales,Female,Sales Executive,7525,15
36,Yes,Research & Development,Male,Laboratory Technician,4834,1
26,Yes,Research & Development,Male,Research Scientist,2042,3
34,No,Sales,Female,Sales Representative,2220,1
28,No,Sales,Male,Sales Representative,1052,1
38,No,Research & Development,Male,Research Scientist,2821,2
50,No,Research & Development,Male,Research Director,19237,8
37,No,Research & Development,Female,Healthcare Representative,4107,4
40,No,Sales,Male,Sales Executive,8396,7
26,No,Research & Development,Female,Research Scientist,2007,5
46,No,Research & Development,Male,Research Director,19627,2
54,No,Sales,Female,Sales Executive,10686,9
56,No,Research & Development,Female,Research Scientist,2942,5
36,No,Research & Development,Female,Manufacturing Director,8858,14
55,No,Research & Development,Male,Manager,16756,9
43,No,Sales,Male,Sales Executive,10798,1
20,Yes,Sales,Female,Sales Representative,2323,2
21,Yes,Research & Development,Female,Laboratory Technician,1416,1
46,No,Research & Development,Female,Research Scientist,4615,16
51,Yes,Research & Development,Male,Research Scientist,2461,10
28,Yes,Research & Development,Male,Healthcare Representative,8722,10
26,No,Research & Development,Male,Laboratory Technician,3955,5
30,No,Research & Development,Male,Manufacturing Director,9957,6
41,No,Research & Development,Female,Research Scientist,3376,10
38,No,Research & Development,Female,Healthcare Representative,8823,19
40,No,Research & Development,Male,Healthcare Representative,10322,11
27,No,Research & Development,Male,Laboratory Technician,4621,3
55,No,Research & Development,Male,Manufacturing Director,10976,3
28,No,Research & Development,Female,Research Scientist,3660,8
44,Yes,Human Resources,Male,Human Resources,10482,20
33,No,Research & Development,Male,Healthcare Representative,7119,3
35,Yes,Sales,Male,Sales Executive,9582,8
33,Yes,Research & Development,Female,Research Scientist,4508,13
28,No,Research & Development,Male,Laboratory Technician,2207,4
34,No,Research & Development,Male,Healthcare Representative,7756,6
37,No,Sales,Female,Sales Executive,6694,1
25,Yes,Research & Development,Male,Laboratory Technician,3691,7
26,Yes,Research & Development,Male,Laboratory Technician,2377,1
33,Yes,Research & Development,Male,Research Scientist,2313,2
42,No,Research & Development,Male,Manager,17665,22
28,Yes,Research & Development,Male,Laboratory Technician,2596,1
50,Yes,Sales,Male,Sales Executive,4728,0
33,No,Sales,Female,Sales Executive,4302,3
34,No,Research & Development,Male,Research Scientist,2979,0
48,No,Research & Development,Male,Manager,16885,5
45,No,Sales,Female,Sales Executive,5593,15
52,No,Research & Development,Male,Healthcare Representative,10445,8
38,No,Sales,Male,Sales Executive,8740,8
29,No,Research & Development,Female,Research Scientist,2514,7
28,No,Research & Development,Female,Manufacturing Director,7655,9
46,No,Sales,Male,Manager,17465,12
38,No,Sales,Male,Sales Executive,7351,1
43,No,Research & Development,Female,Manufacturing Director,10820,8
39,Yes,Research & Development,Male,Healthcare Representative,12169,18
40,No,Research & Development,Male,Research Director,19626,20
21,No,Research & Development,Female,Research Scientist,2070,2
39,No,Research & Development,Male,Laboratory Technician,6782,5
36,No,Research & Development,Male,Manufacturing Director,7779,11
31,No,Sales,Male,Sales Representative,2791,2
28,No,Research & Development,Male,Research Scientist,3201,5
35,No,Sales,Male,Sales Executive,4968,5
49,No,Sales,Male,Sales Executive,13120,9
34,No,Research & Development,Male,Manufacturing Director,4033,3
29,No,Research & Development,Female,Research Scientist,3291,7
42,No,Research & Development,Male,Laboratory Technician,4272,1
29,No,Research & Development,Male,Manufacturing Director,5056,10
38,No,Human Resources,Male,Human Resources,2844,7
28,No,Research & Development,Male,Research Scientist,2703,3
18,Yes,Research & Development,Male,Laboratory Technician,1904,0
33,Yes,Sales,Female,Sales Executive,8224,5
41,No,Research & Development,Male,Laboratory Technician,4766,1
31,Yes,Research & Development,Male,Laboratory Technician,2610,2
37,No,Research & Development,Female,Healthcare Representative,5731,6
27,No,Research & Development,Male,Research Scientist,2539,4
34,No,Sales,Female,Sales Executive,5714,6
35,No,Human Resources,Male,Human Resources,4323,5
29,Yes,Sales,Female,Sales Executive,7336,11
40,No,Research & Development,Female,Research Director,13499,18
42,Yes,Sales,Male,Sales Executive,13758,21
42,No,Sales,Male,Sales Executive,5155,6
35,No,Research & Development,Male,Laboratory Technician,2258,8
24,No,Research & Development,Male,Laboratory Technician,3597,4
28,Yes,Research & Development,Female,Laboratory Technician,2515,1
26,No,Research & Development,Male,Laboratory Technician,4420,8
30,No,Sales,Male,Sales Executive,6578,10
40,No,Research & Development,Female,Research Scientist,4422,1
35,No,Research & Development,Male,Manufacturing Director,10274,7
34,No,Research & Development,Male,Healthcare Representative,5343,13
35,No,Research & Development,Male,Laboratory Technician,2376,2
43,Yes,Sales,Female,Sales Executive,5346,4
32,No,Sales,Female,Sales Representative,2827,1
56,No,Research & Development,Female,Manager,19943,5
29,No,Research & Development,Female,Laboratory Technician,3131,10
19,No,Research & Development,Male,Research Scientist,2552,1
45,No,Research & Development,Female,Research Scientist,4477,3
37,No,Research & Development,Female,Manufacturing Director,6474,14
20,No,Research & Development,Male,Laboratory Technician,3033,2
44,Yes,Research & Development,Male,Research Scientist,2936,6
53,No,Research & Development,Female,Manager,18606,7
29,No,Research & Development,Female,Research Scientist,2168,5
22,Yes,Research & Development,Male,Research Scientist,2853,0
46,No,Sales,Female,Manager,17048,26
44,No,Research & Development,Male,Research Scientist,2290,0
33,No,Human Resources,Male,Human Resources,3600,5
41,Yes,Research & Development,Male,Research Scientist,2107,1
30,No,Sales,Male,Sales Executive,4115,4
40,No,Sales,Male,Sales Executive,4327,0
50,No,Research & Development,Female,Manager,17856,2
28,No,Research & Development,Male,Laboratory Technician,3196,6
46,No,Research & Development,Male,Research Director,19081,4
35,No,Sales,Male,Sales Executive,8966,7
24,Yes,Research & Development,Female,Laboratory Technician,2210,1
33,No,Sales,Female,Sales Executive,4539,10
36,No,Research & Development,Male,Laboratory Technician,2741,7
30,No,Research & Development,Male,Laboratory Technician,3491,10
44,No,Research & Development,Male,Research Scientist,4541,20
20,No,Sales,Male,Sales Representative,2678,2
46,No,Research & Development,Male,Manufacturing Director,7379,6
42,No,Human Resources,Male,Human Resources,6272,4
60,No,Sales,Male,Sales Executive,5220,11
32,No,Research & Development,Female,Laboratory Technician,2743,2
32,No,Research & Development,Female,Research Scientist,4998,8
36,No,Research & Development,Female,Manufacturing Director,10252,7
33,No,Research & Development,Male,Research Scientist,2781,14
40,No,Sales,Female,Sales Executive,6852,5
25,No,Sales,Male,Sales Executive,4950,4
30,No,Research & Development,Male,Research Scientist,3579,11
42,No,Research & Development,Female,Research Director,13191,1
35,No,Sales,Female,Sales Executive,10377,13
27,No,Research & Development,Male,Research Scientist,2235,9
54,No,Research & Development,Female,Manufacturing Director,10502,5
44,No,Research & Development,Female,Research Scientist,2011,10
19,Yes,Research & Development,Female,Research Scientist,1859,1
29,No,Research & Development,Female,Research Scientist,3760,3
54,No,Research & Development,Male,Research Director,17779,10
31,No,Research & Development,Male,Healthcare Representative,6833,6
31,No,Research & Development,Female,Healthcare Representative,6812,10
59,No,Sales,Female,Sales Executive,5171,6
43,No,Research & Development,Male,Research Director,19740,8
49,No,Research & Development,Male,Manager,18711,1
36,No,Research & Development,Male,Research Scientist,3692,11
48,No,Research & Development,Male,Laboratory Technician,2559,1
27,No,Research & Development,Male,Research Scientist,2517,5
29,No,Research & Development,Male,Healthcare Representative,6623,6
48,No,Research & Development,Male,Research Director,18265,1
29,No,Research & Development,Female,Research Director,16124,7
34,No,Research & Development,Female,Research Scientist,2585,1
44,No,Sales,Male,Manager,18213,22
33,No,Sales,Male,Sales Executive,8380,9
19,No,Research & Development,Female,Research Scientist,2994,1
23,No,Research & Development,Male,Research Scientist,1223,1
25,Yes,Sales,Male,Sales Representative,1118,1
26,No,Research & Development,Male,Research Scientist,2875,8
45,Yes,Sales,Female,Manager,18824,24
55,No,Research & Development,Male,Healthcare Representative,13577,33
21,Yes,Research & Development,Female,Laboratory Technician,2625,2
46,No,Sales,Female,Manager,18789,11
34,No,Sales,Female,Sales Executive,4538,3
51,No,Sales,Male,Manager,19847,29
59,No,Research & Development,Male,Manufacturing Director,10512,9
34,No,Research & Development,Female,Laboratory Technician,4444,11
28,No,Research & Development,Male,Laboratory Technician,2154,4
44,No,Research & Development,Male,Manager,19190,25
34,No,Human Resources,Male,Human Resources,4490,10
35,No,Research & Development,Male,Research Scientist,3506,3
42,No,Research & Development,Female,Research Scientist,2372,1
43,No,Sales,Female,Sales Executive,10231,21
36,No,Research & Development,Female,Manufacturing Director,5410,16
44,Yes,Research & Development,Female,Healthcare Representative,7978,10
28,No,Research & Development,Male,Laboratory Technician,3867,2
51,No,Research & Development,Female,Laboratory Technician,2838,7
30,No,Research & Development,Female,Manufacturing Director,4695,8
29,Yes,Research & Development,Female,Laboratory Technician,3339,7
28,No,Research & Development,Male,Research Scientist,2080,3
25,No,Research & Development,Female,Research Scientist,2096,2
32,No,Sales,Male,Sales Executive,6209,10
45,No,Research & Development,Female,Manager,18061,0
39,No,Research & Development,Female,Manager,17123,19
58,No,Research & Development,Male,Research Scientist,2372,2
32,Yes,Research & Development,Male,Laboratory Technician,4883,10
39,Yes,Research & Development,Male,Research Scientist,3904,5
30,No,Research & Development,Female,Laboratory Technician,4627,9
36,No,Research & Development,Female,Healthcare Representative,7094,7
46,No,Human Resources,Female,Human Resources,3423,7
28,No,Research & Development,Female,Laboratory Technician,6674,9
50,No,Research & Development,Female,Research Director,16880,3
40,Yes,Sales,Male,Sales Executive,9094,5
52,Yes,Sales,Male,Sales Executive,8446,8
30,No,Research & Development,Female,Manager,11916,9
39,No,Research & Development,Male,Manufacturing Director,4534,8
31,No,Sales,Female,Sales Executive,9852,10
41,No,Sales,Male,Sales Executive,6151,19
31,Yes,Sales,Female,Sales Representative,2302,3
44,Yes,Research & Development,Male,Laboratory Technician,2362,3
42,No,Research & Development,Male,Manager,17861,20
55,No,Research & Development,Female,Manager,19187,19
56,No,Human Resources,Male,Manager,19717,7
40,No,Research & Development,Male,Research Scientist,3544,4
34,No,Research & Development,Male,Healthcare Representative,8500,9
40,No,Research & Development,Male,Research Scientist,4661,9
41,No,Sales,Female,Sales Executive,4103,9
35,No,Research & Development,Male,Research Scientist,4249,9
51,No,Human Resources,Male,Manager,14026,33
38,No,Sales,Female,Sales Executive,6893,7
34,No,Sales,Female,Sales Executive,6125,10
25,No,Research & Development,Male,Laboratory Technician,3669,3
58,Yes,Research & Development,Female,Manufacturing Director,10008,10
40,No,Research & Development,Male,Laboratory Technician,2387,4
36,No,Sales,Female,Sales Executive,4639,15
48,No,Research & Development,Male,Manufacturing Director,7898,10
27,No,Sales,Female,Sales Representative,2534,1
51,No,Research & Development,Female,Manufacturing Director,13142,5
18,No,Research & Development,Female,Laboratory Technician,1611,0
35,No,Research & Development,Female,Laboratory Technician,5363,9
27,No,Sales,Male,Sales Executive,5071,6
55,Yes,Sales,Male,Sales Executive,13695,19
56,No,Research & Development,Male,Manufacturing Director,13402,19
34,No,Research & Development,Female,Research Scientist,2029,5
40,No,Research & Development,Female,Healthcare Representative,6377,12
34,No,Research & Development,Male,Laboratory Technician,5429,8
31,Yes,Sales,Female,Sales Representative,2785,1
35,Yes,Sales,Female,Sales Executive,4614,4
38,No,Research & Development,Male,Research Scientist,2610,4
34,No,Research & Development,Female,Healthcare Representative,6687,14
28,No,Sales,Male,Sales Executive,4724,5
31,Yes,Research & Development,Male,Manufacturing Director,6179,10
39,No,Sales,Male,Sales Executive,6120,5
51,No,Sales,Male,Sales Executive,10596,4
41,No,Research & Development,Female,Research Scientist,5467,6
37,No,Research & Development,Male,Research Scientist,2996,6
33,No,Sales,Male,Sales Executive,9998,5
32,No,Sales,Male,Sales Executive,4078,3
39,No,Research & Development,Male,Healthcare Representative,10920,6
25,No,Sales,Male,Sales Executive,6232,3
52,No,Research & Development,Female,Manufacturing Director,13247,5
43,No,Research & Development,Female,Research Scientist,4081,20
27,No,Sales,Female,Sales Executive,5769,6
27,Yes,Research & Development,Female,Research Scientist,2394,8
26,No,Research & Development,Male,Research Scientist,3904,4
42,No,Human Resources,Female,Manager,16799,20
52,No,Research & Development,Female,Laboratory Technician,2950,5
37,No,Research & Development,Female,Laboratory Technician,3629,3
35,No,Research & Development,Male,Manufacturing Director,9362,2
25,No,Research & Development,Male,Laboratory Technician,3229,3
26,No,Research & Development,Male,Laboratory Technician,3578,7
29,No,Human Resources,Male,Human Resources,7988,10
49,Yes,Research & Development,Male,Laboratory Technician,4284,4
29,Yes,Research & Development,Female,Healthcare Representative,7553,8
54,No,Research & Development,Female,Research Director,17328,20
58,No,Research & Development,Female,Research Director,19701,9
55,No,Research & Development,Male,Research Director,14732,7
36,No,Sales,Female,Sales Executive,9278,5
31,Yes,Sales,Female,Sales Representative,1359,1
30,No,Sales,Female,Sales Executive,4779,3
31,No,Research & Development,Female,Research Director,16422,3
34,No,Research & Development,Male,Research Scientist,2996,4
31,Yes,Research & Development,Female,Research Scientist,1261,1
27,No,Research & Development,Male,Laboratory Technician,2099,5
36,No,Research & Development,Male,Laboratory Technician,5810,10
36,No,Sales,Female,Sales Executive,5647,3
47,No,Research & Development,Male,Research Scientist,3420,6
25,Yes,Sales,Male,Sales Representative,4400,3
37,No,Research & Development,Male,Laboratory Technician,3500,6
56,No,Research & Development,Female,Research Scientist,2066,3
47,No,Research & Development,Female,Research Director,17169,20
24,No,Sales,Female,Sales Executive,4162,5
32,No,Sales,Male,Sales Executive,9204,4
34,No,Research & Development,Female,Laboratory Technician,3294,5
41,No,Research & Development,Male,Research Scientist,2127,4
40,No,Research & Development,Male,Laboratory Technician,3975,8
31,No,Sales,Male,Sales Executive,10793,13
46,Yes,Sales,Male,Sales Executive,10096,7
39,Yes,Research & Development,Female,Laboratory Technician,3646,1
31,Yes,Research & Development,Female,Manufacturing Director,7446,10
45,No,Research & Development,Male,Healthcare Representative,10851,7
31,No,Human Resources,Female,Human Resources,2109,3
31,Yes,Research & Development,Male,Laboratory Technician,3722,2
45,No,Research & Development,Male,Manufacturing Director,9380,3
48,No,Sales,Male,Sales Executive,5486,2
34,Yes,Human Resources,Female,Human Resources,2742,2
40,No,Research & Development,Male,Research Director,13757,9
28,No,Sales,Male,Sales Executive,8463,5
44,No,Research & Development,Male,Laboratory Technician,3162,5
53,No,Research & Development,Male,Research Director,16598,9
49,No,Research & Development,Male,Healthcare Representative,6651,3
40,No,Research & Development,Male,Research Scientist,2345,3
44,No,Research & Development,Male,Research Scientist,3420,5
33,No,Sales,Male,Sales Executive,4373,4
34,No,Sales,Male,Sales Executive,4759,13
30,No,Sales,Male,Sales Executive,5301,2
42,No,Research & Development,Female,Laboratory Technician,3673,12
44,No,Sales,Female,Sales Executive,4768,1
30,No,Research & Development,Male,Research Scientist,1274,1
57,No,Research & Development,Male,Research Scientist,4900,12
49,No,Research & Development,Male,Healthcare Representative,10466,8
34,No,Research & Development,Male,Research Director,17007,14
28,Yes,Sales,Male,Sales Representative,2909,3
29,Yes,Sales,Female,Sales Executive,5765,5
34,Yes,Sales,Female,Sales Executive,4599,15
35,No,Sales,Male,Sales Representative,2404,1
24,Yes,Research & Development,Male,Laboratory Technician,3172,0
24,No,Sales,Female,Sales Representative,2033,1
44,No,Research & Development,Male,Manufacturing Director,10209,2
29,No,Sales,Male,Sales Executive,8620,10
30,No,Human Resources,Male,Human Resources,2064,5
55,No,Research & Development,Male,Healthcare Representative,4035,3
33,No,Research & Development,Female,Laboratory Technician,3838,5
47,No,Sales,Female,Sales Executive,4591,5
28,Yes,Research & Development,Male,Laboratory Technician,2561,0
28,No,Research & Development,Male,Research Scientist,1563,1
28,No,Sales,Male,Sales Executive,4898,4
49,No,Research & Development,Female,Laboratory Technician,4789,3
29,No,Research & Development,Female,Laboratory Technician,3180,3
28,No,Research & Development,Male,Manufacturing Director,6549,8
33,No,Research & Development,Male,Healthcare Representative,6388,0
32,No,Research & Development,Male,Manager,11244,5
54,No,Research & Development,Female,Manager,16032,14
29,Yes,Research & Development,Male,Research Scientist,2362,9
44,No,Research & Development,Male,Research Director,16328,20
39,No,Research & Development,Female,Manufacturing Director,8376,2
46,No,Sales,Female,Manager,16606,13
35,No,Research & Development,Female,Healthcare Representative,8606,11
23,No,Research & Development,Male,Laboratory Technician,2272,4
40,Yes,Research & Development,Male,Laboratory Technician,2018,5
34,No,Sales,Male,Sales Executive,7083,10
31,Yes,Research & Development,Female,Research Scientist,4084,7
50,No,Research & Development,Male,Research Director,14411,32
34,No,Sales,Male,Sales Representative,2308,11
42,No,Research & Development,Male,Laboratory Technician,4841,1
37,No,Research & Development,Male,Research Scientist,4285,10
29,No,Research & Development,Female,Healthcare Representative,9715,7
33,No,Research & Development,Male,Manufacturing Director,4320,5
45,No,Research & Development,Male,Research Scientist,2132,5
42,No,Research & Development,Male,Healthcare Representative,10124,20
40,No,Sales,Male,Sales Executive,5473,8
33,No,Research & Development,Male,Laboratory Technician,5207,15
40,No,Human Resources,Male,Manager,16437,21
24,No,Research & Development,Male,Laboratory Technician,2296,1
40,No,Research & Development,Male,Healthcare Representative,4069,2
45,No,Research & Development,Male,Healthcare Representative,7441,10
35,No,Sales,Female,Sales Representative,2430,5
32,No,Research & Development,Female,Research Scientist,5878,7
36,No,Sales,Male,Sales Representative,2644,3
48,No,Sales,Female,Sales Executive,6439,8
29,No,Research & Development,Male,Research Scientist,2451,1
33,No,Sales,Male,Sales Executive,6392,2
30,Yes,Sales,Male,Sales Executive,9714,10
38,No,Human Resources,Male,Human Resources,6077,6
35,No,Research & Development,Male,Laboratory Technician,2450,3
30,No,Sales,Male,Sales Executive,9250,4
35,Yes,Research & Development,Female,Laboratory Technician,2074,1
53,Yes,Research & Development,Female,Manufacturing Director,10169,33
38,Yes,Research & Development,Male,Manufacturing Director,4855,5
32,No,Research & Development,Male,Research Scientist,4087,6
48,No,Research & Development,Female,Research Scientist,2367,8
34,No,Research & Development,Male,Research Scientist,2972,1
55,No,Sales,Male,Manager,19586,36
34,No,Research & Development,Male,Research Scientist,5484,2
26,No,Research & Development,Female,Research Scientist,2061,1
38,No,Sales,Male,Sales Executive,9924,9
38,No,Sales,Female,Sales Executive,4198,3
36,No,Sales,Female,Sales Executive,6815,1
29,No,Research & Development,Male,Laboratory Technician,4723,10
35,No,Research & Development,Female,Healthcare Representative,6142,5
39,No,Sales,Male,Sales Executive,8237,7
29,No,Research & Development,Male,Healthcare Representative,8853,6
50,No,Sales,Male,Manager,19331,1
23,No,Research & Development,Male,Research Scientist,2073,2
36,No,Research & Development,Male,Laboratory Technician,5562,3
42,No,Research & Development,Male,Manager,19613,1
35,No,Research & Development,Male,Laboratory Technician,3407,10
34,No,Research & Development,Male,Healthcare Representative,5063,8
40,No,Sales,Female,Sales Executive,4639,5
43,No,Research & Development,Male,Laboratory Technician,4876,6
35,No,Research & Development,Male,Laboratory Technician,2690,1
46,No,Sales,Male,Manager,17567,26
28,Yes,Research & Development,Male,Laboratory Technician,2408,1
22,No,Research & Development,Female,Research Scientist,2814,4
50,No,Research & Development,Male,Healthcare Representative,11245,30
32,No,Research & Development,Female,Research Scientist,3312,3
44,No,Research & Development,Female,Research Director,19049,22
30,No,Research & Development,Male,Research Scientist,2141,6
45,No,Research & Development,Female,Laboratory Technician,5769,10
45,No,Sales,Male,Sales Executive,4385,10
31,No,Sales,Male,Sales Executive,5332,5
36,No,Research & Development,Female,Manufacturing Director,4663,3
34,No,Research & Development,Male,Manufacturing Director,4724,9
49,No,Research & Development,Female,Laboratory Technician,3211,9
39,No,Research & Development,Male,Manufacturing Director,5377,7
27,No,Research & Development,Male,Laboratory Technician,4066,7
35,No,Research & Development,Male,Research Scientist,5208,16
28,No,Research & Development,Female,Manufacturing Director,4877,5
21,No,Research & Development,Male,Research Scientist,3117,2
18,Yes,Sales,Female,Sales Representative,1569,0
47,No,Human Resources,Female,Manager,19658,5
39,No,Research & Development,Male,Laboratory Technician,3069,10
40,No,Research & Development,Female,Manufacturing Director,10435,18
35,No,Research & Development,Female,Healthcare Representative,4148,14
37,No,Research & Development,Male,Manufacturing Director,5768,4
39,No,Research & Development,Female,Manufacturing Director,5042,9
45,No,Research & Development,Female,Manufacturing Director,5770,10
38,No,Research & Development,Female,Manufacturing Director,7756,5
35,Yes,Sales,Male,Sales Executive,10306,13
37,No,Research & Development,Female,Research Scientist,3936,8
40,No,Research & Development,Female,Manufacturing Director,7945,4
44,No,Human Resources,Male,Human Resources,5743,10
48,No,Research & Development,Male,Manager,15202,2
35,Yes,Sales,Male,Sales Executive,5440,2
24,No,Research & Development,Female,Research Scientist,3760,6
27,No,Research & Development,Female,Research Scientist,3517,3
27,No,Research & Development,Male,Research Scientist,2580,4
40,Yes,Research & Development,Male,Laboratory Technician,2166,4
29,No,Sales,Male,Sales Executive,5869,5
36,No,Research & Development,Female,Healthcare Representative,8008,3
25,No,Research & Development,Male,Manufacturing Director,5206,7
39,No,Research & Development,Male,Manufacturing Director,5295,5
49,No,Research & Development,Female,Research Director,16413,4
50,No,Research & Development,Female,Research Director,13269,14
20,No,Sales,Female,Sales Representative,2783,2
34,No,Research & Development,Female,Research Scientist,5433,11
36,No,Research & Development,Male,Laboratory Technician,2013,4
49,No,Research & Development,Female,Healthcare Representative,13966,15
36,No,Research & Development,Female,Manufacturing Director,4374,3
36,No,Research & Development,Male,Healthcare Representative,6842,5
54,No,Research & Development,Female,Manager,17426,10
43,No,Research & Development,Male,Research Director,17603,14
35,Yes,Sales,Male,Sales Executive,4581,11
38,No,Research & Development,Male,Research Scientist,4735,13
29,No,Sales,Male,Sales Executive,4187,10
33,No,Sales,Male,Sales Executive,5505,6
32,No,Research & Development,Male,Research Scientist,5470,9
31,No,Sales,Female,Sales Executive,5476,10
49,No,Research & Development,Female,Laboratory Technician,2587,2
38,No,Research & Development,Female,Laboratory Technician,2440,4
47,No,Sales,Female,Manager,15972,3
49,No,Research & Development,Male,Manager,15379,8
41,No,Sales,Male,Sales Executive,7082,2
20,No,Sales,Male,Sales Representative,2728,2
33,No,Sales,Female,Sales Executive,5368,6
36,No,Research & Development,Male,Healthcare Representative,5347,3
44,No,Human Resources,Female,Human Resources,3195,2
23,Yes,Research & Development,Male,Laboratory Technician,3989,5
38,No,Research & Development,Female,Laboratory Technician,3306,0
53,No,Research & Development,Male,Healthcare Representative,7005,4
48,Yes,Sales,Female,Sales Representative,2655,9
32,Yes,Research & Development,Male,Laboratory Technician,1393,1
26,No,Research & Development,Male,Laboratory Technician,2570,7
55,No,Research & Development,Male,Research Scientist,3537,4
34,No,Research & Development,Male,Laboratory Technician,3986,15
60,No,Research & Development,Male,Healthcare Representative,10883,1
33,No,Research & Development,Male,Laboratory Technician,2028,14
37,No,Sales,Male,Sales Executive,9525,6
34,No,Research & Development,Female,Research Scientist,2929,10
23,Yes,Sales,Male,Sales Representative,2275,3
44,No,Research & Development,Female,Healthcare Representative,7879,8
35,No,Research & Development,Male,Research Scientist,4930,5
43,No,Sales,Male,Sales Executive,7847,10
24,No,Research & Development,Male,Research Scientist,4401,5
41,No,Sales,Male,Sales Executive,9241,10
29,No,Research & Development,Female,Laboratory Technician,2974,5
36,No,Sales,Female,Sales Representative,4502,13
45,No,Research & Development,Male,Healthcare Representative,10748,23
24,Yes,Human Resources,Male,Human Resources,1555,1
47,Yes,Sales,Male,Sales Executive,12936,23
26,No,Research & Development,Male,Laboratory Technician,2305,3
45,No,Research & Development,Female,Research Director,16704,21
32,No,Research & Development,Male,Research Scientist,3433,5
31,No,Research & Development,Male,Laboratory Technician,3477,5
41,No,Human Resources,Male,Human Resources,6430,3
40,No,Research & Development,Female,Manufacturing Director,6516,1
24,No,Research & Development,Male,Laboratory Technician,3907,6
46,No,Research & Development,Male,Healthcare Representative,5562,10
35,No,Research & Development,Male,Manufacturing Director,6883,7
30,No,Research & Development,Male,Research Scientist,2862,10
47,No,Sales,Male,Sales Executive,4978,1
46,No,Sales,Male,Sales Executive,10368,10
36,Yes,Sales,Male,Sales Executive,6134,2
32,Yes,Sales,Male,Sales Executive,6735,0
23,No,Research & Development,Female,Laboratory Technician,3295,3
31,No,Research & Development,Female,Manufacturing Director,5238,5
39,No,Research & Development,Male,Laboratory Technician,6472,9
32,No,Sales,Male,Sales Executive,9610,4
40,No,Sales,Male,Manager,19833,21
45,No,Human Resources,Female,Human Resources,9756,5
30,No,Research & Development,Female,Research Scientist,4968,9
24,No,Human Resources,Male,Human Resources,2145,2
30,Yes,Human Resources,Female,Human Resources,2180,4
31,No,Sales,Male,Sales Executive,8346,5
27,No,Research & Development,Female,Research Scientist,3445,6
29,Yes,Sales,Female,Sales Representative,2760,2
29,No,Research & Development,Male,Healthcare Representative,6294,3
30,No,Sales,Male,Sales Executive,7140,7
34,No,Research & Development,Male,Research Scientist,2932,5
33,No,Sales,Female,Sales Executive,5147,11
49,No,Sales,Female,Sales Executive,4507,5
33,Yes,Sales,Female,Sales Executive,8564,0
38,No,Research & Development,Female,Laboratory Technician,2468,6
31,Yes,Sales,Male,Sales Executive,8161,1
29,No,Research & Development,Female,Research Scientist,2109,1
30,No,Research & Development,Male,Healthcare Representative,5294,7
32,No,Research & Development,Male,Research Scientist,2718,7
38,No,Research & Development,Male,Healthcare Representative,5811,1
43,Yes,Research & Development,Male,Research Scientist,2437,1
42,No,Research & Development,Male,Laboratory Technician,2766,5
55,No,Research & Development,Male,Research Director,19038,1
33,No,Research & Development,Male,Research Scientist,3055,9
41,No,Research & Development,Male,Laboratory Technician,2289,5
34,No,Sales,Male,Sales Executive,4001,15
53,No,Research & Development,Female,Manufacturing Director,12965,3
43,No,Human Resources,Male,Human Resources,3539,9
34,No,Sales,Female,Sales Executive,6029,2
21,Yes,Sales,Male,Sales Representative,2679,1
38,No,Research & Development,Female,Laboratory Technician,3702,5
22,Yes,Research & Development,Female,Laboratory Technician,2398,1
31,No,Sales,Female,Sales Executive,5468,12
51,No,Research & Development,Female,Manager,13116,2
37,No,Sales,Male,Sales Executive,4189,5
46,No,Research & Development,Male,Research Director,19328,2
36,No,Research & Development,Male,Healthcare Representative,8321,12
44,Yes,Research & Development,Male,Research Scientist,2342,5
37,No,Human Resources,Male,Human Resources,4071,10
35,Yes,Sales,Male,Sales Executive,5813,10
33,No,Research & Development,Male,Research Scientist,3143,10
28,No,Research & Development,Male,Research Scientist,2044,5
39,No,Research & Development,Male,Research Director,13464,4
46,No,Sales,Male,Sales Executive,7991,2
40,No,Research & Development,Female,Laboratory Technician,3377,4
42,No,Research & Development,Male,Healthcare Representative,5538,0
35,No,Research & Development,Male,Manufacturing Director,5762,7
38,No,Human Resources,Male,Human Resources,2592,11
34,Yes,Research & Development,Male,Laboratory Technician,5346,7
37,Yes,Research & Development,Male,Manufacturing Director,4213,10
39,No,Sales,Male,Sales Executive,4127,2
43,No,Research & Development,Male,Research Scientist,2438,3
41,No,Research & Development,Male,Healthcare Representative,6870,3
41,No,Sales,Female,Sales Executive,10447,22
30,No,Research & Development,Female,Manufacturing Director,9667,7
26,Yes,Human Resources,Female,Human Resources,2148,5
46,Yes,Research & Development,Female,Healthcare Representative,8926,9
40,No,Research & Development,Female,Healthcare Representative,6513,5
34,No,Sales,Male,Sales Executive,6799,10
58,No,Sales,Male,Manager,16291,16
35,No,Research & Development,Male,Laboratory Technician,2705,5
47,No,Research & Development,Female,Manufacturing Director,10333,22
40,No,Research & Development,Female,Healthcare Representative,4448,7
54,No,Research & Development,Female,Research Scientist,6854,7
31,No,Sales,Female,Sales Executive,9637,3
28,No,Research & Development,Female,Research Scientist,3591,3
38,No,Sales,Female,Sales Representative,5405,4
26,No,Sales,Male,Sales Executive,4684,5
58,No,Research & Development,Male,Research Director,15787,2
18,No,Research & Development,Female,Research Scientist,1514,0
31,Yes,Human Resources,Male,Human Resources,2956,1
29,Yes,Human Resources,Male,Human Resources,2335,2
45,No,Sales,Female,Sales Executive,5154,8
36,No,Research & Development,Female,Research Scientist,6962,1
43,No,Sales,Male,Sales Executive,5675,7
27,No,Research & Development,Female,Laboratory Technician,2379,5
29,No,Research & Development,Male,Laboratory Technician,3812,11
32,No,Sales,Male,Sales Executive,4648,0
42,No,Research & Development,Male,Research Scientist,2936,6
47,No,Research & Development,Female,Laboratory Technician,2105,2
46,No,Research & Development,Male,Manufacturing Director,8578,9
28,No,Human Resources,Male,Human Resources,2706,3
29,No,Research & Development,Male,Healthcare Representative,6384,7
42,No,Research & Development,Male,Laboratory Technician,3968,0
32,Yes,Sales,Male,Sales Executive,9907,2
46,No,Sales,Female,Sales Executive,13225,19
27,No,Sales,Female,Sales Representative,3540,9
29,No,Human Resources,Male,Human Resources,2804,1
43,No,Research & Development,Female,Manager,19392,16
48,No,Research & Development,Male,Research Director,19665,22
29,Yes,Research & Development,Male,Research Scientist,2439,1
46,Yes,Sales,Female,Sales Executive,7314,8
27,No,Research & Development,Female,Research Scientist,4774,7
39,No,Research & Development,Male,Research Scientist,3902,2
55,No,Research & Development,Male,Research Scientist,2662,5
28,No,Sales,Female,Sales Representative,2856,1
30,Yes,Sales,Male,Sales Representative,1081,1
22,Yes,Research & Development,Male,Research Scientist,2472,1
36,No,Sales,Female,Sales Executive,5673,10
31,No,Research & Development,Male,Laboratory Technician,4197,10
34,No,Sales,Male,Sales Executive,9713,5
29,No,Research & Development,Male,Laboratory Technician,2062,3
37,No,Research & Development,Male,Research Scientist,4284,5
35,No,Research & Development,Female,Manufacturing Director,4788,3
45,No,Research & Development,Female,Manufacturing Director,5906,9
36,No,Human Resources,Male,Human Resources,3886,10
40,No,Research & Development,Male,Manager,16823,19
26,No,Research & Development,Female,Research Scientist,2933,1
27,No,Sales,Female,Sales Executive,6500,8
48,No,Research & Development,Female,Manager,17174,22
44,No,Research & Development,Male,Healthcare Representative,5033,2
34,Yes,Research & Development,Male,Research Scientist,2307,5
56,Yes,Research & Development,Male,Laboratory Technician,2587,4
36,No,Sales,Male,Sales Executive,5507,4
41,No,Sales,Female,Sales Executive,4393,5
42,No,Research & Development,Male,Research Director,13348,13
31,No,Sales,Female,Sales Executive,6583,5
34,No,Sales,Female,Sales Executive,8103,4
31,No,Research & Development,Female,Laboratory Technician,3978,2
26,No,Research & Development,Male,Laboratory Technician,2544,7
45,No,Research & Development,Male,Healthcare Representative,5399,4
33,No,Sales,Male,Sales Executive,5487,10
28,No,Sales,Male,Sales Executive,6834,7
29,Yes,Sales,Male,Sales Representative,1091,1
39,No,Sales,Female,Sales Executive,5736,3
27,No,Research & Development,Male,Research Scientist,2226,5
34,No,Research & Development,Male,Research Scientist,5747,15
28,Yes,Sales,Female,Sales Executive,9854,2
47,No,Research & Development,Male,Research Scientist,5467,8
56,No,Sales,Female,Sales Executive,5380,0
39,No,Research & Development,Male,Manufacturing Director,5151,10
38,No,Research & Development,Female,Research Scientist,2133,20
58,No,Sales,Female,Manager,17875,1
32,Yes,Research & Development,Female,Research Scientist,2432,4
38,No,Research & Development,Male,Research Scientist,4771,5
49,No,Research & Development,Male,Research Director,19161,5
42,No,Sales,Male,Sales Executive,5087,0
27,Yes,Human Resources,Female,Human Resources,2863,1
35,No,Sales,Male,Sales Executive,5561,5
28,No,Research & Development,Male,Research Scientist,2144,5
31,No,Research & Development,Male,Research Scientist,3065,4
36,No,Research & Development,Male,Laboratory Technician,2810,5
34,No,Sales,Male,Sales Executive,9888,14
34,No,Sales,Male,Sales Executive,8628,8
26,No,Research & Development,Male,Laboratory Technician,2867,7
29,No,Research & Development,Male,Healthcare Representative,5373,5
32,No,Research & Development,Female,Healthcare Representative,6667,5
31,No,Research & Development,Male,Research Scientist,5003,10
28,Yes,Research & Development,Male,Laboratory Technician,2367,4
38,No,Sales,Male,Sales Representative,2858,1
35,No,Sales,Female,Sales Executive,5204,10
27,No,Sales,Male,Sales Executive,4105,7
32,No,Research & Development,Male,Manufacturing Director,9679,1
31,Yes,Sales,Male,Sales Executive,5617,10
53,Yes,Sales,Male,Sales Executive,10448,2
54,No,Research & Development,Female,Research Scientist,2897,4
33,No,Research & Development,Male,Healthcare Representative,5968,9
43,No,Research & Development,Male,Healthcare Representative,7510,10
38,No,Human Resources,Male,Human Resources,2991,6
55,No,Human Resources,Male,Manager,19636,10
31,No,Research & Development,Female,Laboratory Technician,1129,1
39,No,Sales,Male,Sales Executive,13341,20
42,No,Research & Development,Male,Research Scientist,4332,20
31,No,Research & Development,Female,Research Director,11031,11
54,No,Research & Development,Female,Manufacturing Director,4440,5
24,No,Research & Development,Male,Healthcare Representative,4617,4
23,No,Research & Development,Male,Laboratory Technician,2647,5
40,No,Research & Development,Female,Laboratory Technician,6323,10
40,No,Sales,Female,Sales Executive,5677,11
25,No,Human Resources,Female,Human Resources,2187,2
30,No,Research & Development,Male,Laboratory Technician,3748,12
25,No,Research & Development,Male,Laboratory Technician,3977,2
47,No,Research & Development,Male,Healthcare Representative,8633,17
33,No,Research & Development,Male,Laboratory Technician,2008,1
38,No,Sales,Male,Sales Executive,4440,15
31,No,Sales,Male,Sales Representative,3067,2
38,No,Research & Development,Male,Manufacturing Director,5321,8
42,No,Research & Development,Male,Research Scientist,5410,4
41,No,Research & Development,Male,Research Scientist,2782,5
47,No,Research & Development,Female,Research Director,11957,13
35,No,Research & Development,Male,Laboratory Technician,2660,2
22,No,Research & Development,Male,Research Scientist,3375,3
35,No,Research & Development,Male,Research Scientist,5098,10
33,No,Research & Development,Female,Healthcare Representative,4878,9
32,No,Research & Development,Female,Laboratory Technician,2837,6
40,No,Research & Development,Male,Laboratory Technician,2406,1
32,No,Sales,Male,Sales Representative,2269,2
39,No,Research & Development,Male,Research Scientist,4108,7
38,No,Research & Development,Female,Research Director,13206,18
32,No,Sales,Female,Sales Executive,10422,14
37,No,Research & Development,Female,Research Director,13744,16
25,No,Sales,Female,Sales Executive,4907,5
52,No,Sales,Male,Sales Representative,3482,9
44,No,Research & Development,Male,Research Scientist,2436,4
21,No,Sales,Male,Sales Representative,2380,2
39,No,Research & Development,Male,Manager,19431,6
23,Yes,Sales,Male,Sales Representative,1790,1
36,No,Sales,Female,Sales Executive,7644,9
36,No,Research & Development,Female,Manufacturing Director,5131,4
56,No,Research & Development,Male,Healthcare Representative,6306,13
29,Yes,Research & Development,Male,Research Scientist,4787,2
42,No,Research & Development,Male,Manager,18880,22
56,Yes,Research & Development,Male,Laboratory Technician,2339,10
41,No,Research & Development,Female,Manufacturing Director,13570,20
34,No,Sales,Female,Sales Executive,6712,8
36,No,Sales,Male,Sales Executive,5406,15
41,No,Sales,Male,Sales Executive,8938,5
32,No,Research & Development,Male,Research Scientist,2439,4
35,No,Human Resources,Female,Human Resources,8837,9
38,No,Sales,Female,Sales Executive,5343,10
50,Yes,Sales,Male,Sales Executive,6728,6
36,No,Sales,Female,Sales Executive,6652,6
45,No,Sales,Female,Sales Executive,4850,5
40,No,Research & Development,Male,Research Scientist,2809,2
35,No,Research & Development,Male,Healthcare Representative,5689,10
40,No,Research & Development,Female,Research Scientist,2001,5
35,No,Research & Development,Female,Research Scientist,2977,4
29,No,Research & Development,Male,Laboratory Technician,4025,4
29,No,Research & Development,Female,Research Scientist,3785,5
50,Yes,Sales,Male,Sales Executive,10854,3
39,No,Sales,Female,Sales Executive,12031,20
31,No,Research & Development,Male,Manufacturing Director,9936,9
26,No,Sales,Female,Sales Representative,2966,4
36,No,Research & Development,Male,Laboratory Technician,2571,5
39,No,Research & Development,Male,Healthcare Representative,9991,7
27,No,Research & Development,Male,Manufacturing Director,6142,6
49,No,Sales,Male,Sales Executive,5390,9
34,No,Research & Development,Male,Laboratory Technician,4404,4
